"LCSC Part Number","Manufacture Part Number","Manufacturer","Customer NO.","Package","Description","RoHS","Order Qty.","Min\Mult Order Qty.","Unit Price","Order Price"
"C84375","RC0805FR-075K1L","YAGEO","RESE-0805-X-O512-67","0805","125mW Thick Film Resistors 150V ±100ppm/℃ ±1% -55℃~+155℃ 5.1kΩ 0805  Chip Resistor - Surface Mount ROHS","YES","50","100\100","$0.005300","$0.27"
"C96210","RC0805JR-07150RL","YAGEO","RESE-0805-X-O151-01","0805","125mW Thick Film Resistors 150V ±100ppm/℃ ±5% -55℃~+155℃ 150Ω 0805  Chip Resistor - Surface Mount ROHS","YES","100","100\100","$0.004500","$0.45"
"C100045","RC0805FR-070RL","YAGEO","RESE-0805-X-O000-67","0805","125mW Thick Film Resistors 150V -55℃~+155℃ 0Ω 0805  Chip Resistor - Surface Mount ROHS","YES","100","100\100","$0.002600","$0.26"
"C105574","RC0603FR-07200KL","YAGEO","RESE-0603-X-O204-67","0603","100mW Thick Film Resistors 75V ±100ppm/℃ ±1% -55℃~+155℃ 200kΩ 0603  Chip Resistor - Surface Mount ROHS","YES","100","100\100","$0.001400","$0.14"
"C105580","RC0603FR-075K1L","YAGEO","RESE-0603-X-O512-67","0603","100mW Thick Film Resistors 75V ±100ppm/℃ ±1% -55℃~+155℃ 5.1kΩ 0603  Chip Resistor - Surface Mount ROHS","YES","100","100\100","$0.001800","$0.18"
"C105877","RC0805JR-07330RL","YAGEO","RESE-0805-X-O331-01","0805","125mW Thick Film Resistors 150V ±100ppm/℃ ±5% -55℃~+155℃ 330Ω 0805  Chip Resistor - Surface Mount ROHS","YES","100","100\100","$0.004500","$0.45"
"C105878","RC0805FR-07330RL","YAGEO","RESE-0805-X-O331-67","0805","125mW 150V ±100ppm/℃ ±1% -55℃~+155℃ 330Ω 0805  Chip Resistor - Surface Mount ROHS","YES","100","100\100","$0.002600","$0.26"
"C107191","CC1206KKX7RCBB102","YAGEO","","1206","1kV 1nF X7R ±10% 1206  Multilayer Ceramic Capacitors MLCC - SMD/SMT ROHS","YES","10","50\50","$0.035400","$0.36"
"C107231","RC0603FR-0751KL","YAGEO","RESE-0603-X-O513-67","0603","100mW Thick Film Resistors 75V ±100ppm/℃ ±1% -55℃~+155℃ 51kΩ 0603  Chip Resistor - Surface Mount ROHS","YES","100","100\100","$0.001400","$0.14"
"C107696","RC0603FR-07220RL","YAGEO","RESE-0603-X-O221-67","0603","100mW Thick Film Resistors 75V ±100ppm/℃ ±1% -55℃~+155℃ 220Ω 0603  Chip Resistor - Surface Mount ROHS","YES","100","100\100","$0.001800","$0.18"
"C107698","RC0603JR-071ML","YAGEO","RESE-0603-X-O105-01","0603","100mW Thick Film Resistors 75V ±100ppm/℃ ±5% -55℃~+125℃ 1MΩ 0603  Chip Resistor - Surface Mount ROHS","YES","50","100\100","$0.004200","$0.21"
"C107700","RC0805FR-071ML","YAGEO","RESE-0805-X-O105-67","0805","125mW 150V ±100ppm/℃ ±1% -55℃~+155℃ 1MΩ 0805  Chip Resistor - Surface Mount ROHS","YES","100","100\100","$0.005600","$0.56"
"C108405","RC0603JR-0722RL","YAGEO","RESE-0603-X-O220-01","0603","100mW Thick Film Resistors 75V ±100ppm/℃ ±5% -55℃~+155℃ 22Ω 0603  Chip Resistor - Surface Mount ROHS","YES","100","100\100","$0.003000","$0.30"
"C109318","RC0603FR-0710RL","YAGEO","","0603","100mW Thick Film Resistors 75V ±1% ±200ppm/℃ -55℃~+155℃ 10Ω 0603  Chip Resistor - Surface Mount ROHS","YES","100","100\100","$0.001700","$0.17"
"C112305","RC0603FR-071RL","YAGEO","RESE-0603-X-O10X-67","0603","100mW Thick Film Resistors 75V ±1% ±200ppm/℃ -55℃~+155℃ 1Ω 0603  Chip Resistor - Surface Mount ROHS","YES","100","100\100","$0.002500","$0.25"
"C112307","RC0603FR-072R2L","YAGEO","RESE-0603-X-O22X-67","0603","100mW Thick Film Resistors 75V ±1% ±200ppm/℃ -55℃~+155℃ 2.2Ω 0603  Chip Resistor - Surface Mount ROHS","YES","50","100\100","$0.008000","$0.40"
"C112309","RC0603FR-0775RL","YAGEO","RESE-0603-X-O750-67","0603","100mW Thick Film Resistors 75V ±100ppm/℃ ±1% -55℃~+125℃ 75Ω 0603  Chip Resistor - Surface Mount ROHS","YES","50","100\100","$0.004200","$0.21"
"C112310","RC0603FR-07680RL","YAGEO","RESE-0603-X-O681-67","0603","100mW Thick Film Resistors 75V ±100ppm/℃ ±1% -55℃~+155℃ 680Ω 0603  Chip Resistor - Surface Mount ROHS","YES","100","100\100","$0.004300","$0.43"
"C113301","RC0603JR-0768KL","YAGEO","RESE-0603-X-O683-01","0603","100mW Thick Film Resistors 75V ±100ppm/℃ ±5% -55℃~+155℃ 68kΩ 0603  Chip Resistor - Surface Mount ROHS","YES","100","100\100","$0.003200","$0.32"
"C113307","RC1206JR-07100RL","YAGEO","RESE-1206-X-O101-01","1206","250mW Thick Film Resistors 200V ±100ppm/℃ ±5% -55℃~+155℃ 100Ω 1206  Chip Resistor - Surface Mount ROHS","YES","50","100\100","$0.004000","$0.20"
"C114219","RC0805JR-0730KL","YAGEO","RESE-0805-X-O303-01","0805","125mW Thick Film Resistors 150V ±100ppm/℃ ±5% -55℃~+155℃ 30kΩ 0805  Chip Resistor - Surface Mount ROHS","YES","100","100\100","$0.002400","$0.24"
"C114221","RC0805FR-073K9L","YAGEO","RESE-0805-X-O392-67","0805","125mW Thick Film Resistors 150V ±100ppm/℃ ±1% -55℃~+155℃ 3.9kΩ 0805  Chip Resistor - Surface Mount ROHS","YES","100","100\100","$0.002700","$0.27"
"C114222","RC0805JR-073K3L","YAGEO","RESE-0805-X-O332-01","0805","125mW 150V ±100ppm/℃ ±5% -55℃~+155℃ 3.3kΩ 0805  Chip Resistor - Surface Mount ROHS","YES","50","100\100","$0.003200","$0.16"
"C114223","RC0805JR-0724KL","YAGEO","RESE-0805-X-O243-01","0805","125mW Thick Film Resistors 150V ±100ppm/℃ ±5% -55℃~+155℃ 24kΩ 0805  Chip Resistor - Surface Mount ROHS","YES","50","100\100","$0.003100","$0.16"
"C114233","RC0805JR-0720KL","YAGEO","RESE-0805-X-O203-01","0805","125mW Thick Film Resistors 150V ±100ppm/℃ ±5% -55℃~+155℃ 20kΩ 0805  Chip Resistor - Surface Mount ROHS","YES","100","100\100","$0.002800","$0.28"
"C114236","RC0805JR-072K4L","YAGEO","RESE-0805-X-O242-01","0805","125mW Thick Film Resistors 150V ±100ppm/℃ ±5% -55℃~+155℃ 2.4kΩ 0805  Chip Resistor - Surface Mount ROHS","YES","100","100\100","$0.001900","$0.19"
"C114241","RC0805JR-0712KL","YAGEO","RESE-0805-X-O123-01","0805","125mW 150V ±100ppm/℃ ±5% -55℃~+155℃ 12kΩ 0805  Chip Resistor - Surface Mount ROHS","YES","50","100\100","$0.004500","$0.23"
"C114245","RC0805FR-07120RL","YAGEO","RESE-0805-X-O121-67","0805","125mW 150V ±100ppm/℃ ±1% -55℃~+155℃ 120Ω 0805  Chip Resistor - Surface Mount ROHS","YES","100","100\100","$0.002500","$0.25"
"C114432","RC0603JR-073K3L","YAGEO","RESE-0603-X-O332-01","0603","100mW 75V ±100ppm/℃ ±5% -55℃~+155℃ 3.3kΩ 0603  Chip Resistor - Surface Mount ROHS","YES","100","100\100","$0.004300","$0.43"
"C114519","RC0805FR-07220RL","YAGEO","RESE-0805-X-O221-67","0805","125mW Thick Film Resistors 150V ±100ppm/℃ ±1% -55℃~+155℃ 220Ω 0805  Chip Resistor - Surface Mount ROHS","YES","100","100\100","$0.002500","$0.25"
"C114523","RC0805FR-07150RL","YAGEO","RESE-0805-X-O151-67","0805","125mW Thick Film Resistors 150V ±100ppm/℃ ±1% -55℃~+155℃ 150Ω 0805  Chip Resistor - Surface Mount ROHS","YES","100","100\100","$0.002700","$0.27"
"C114526","RC0805FR-071K2L","YAGEO","RESE-0805-X-O122-67","0805","125mW Thick Film Resistors 150V ±100ppm/℃ ±1% -55℃~+155℃ 1.2kΩ 0805  Chip Resistor - Surface Mount ROHS","YES","100","100\100","$0.005400","$0.54"
"C114529","RC0805FR-07300RL","YAGEO","RESE-0805-X-O301-67","0805","125mW Thick Film Resistors 150V ±100ppm/℃ ±1% -55℃~+155℃ 300Ω 0805  Chip Resistor - Surface Mount ROHS","YES","50","100\100","$0.004900","$0.25"
"C114531","RC0805FR-073K3L","YAGEO","RESE-0805-X-O332-67","0805","125mW Thick Film Resistors 150V ±100ppm/℃ ±1% -55℃~+155℃ 3.3kΩ 0805  Chip Resistor - Surface Mount ROHS","YES","100","100\100","$0.004600","$0.46"
"C114536","RC0805FR-07560RL","YAGEO","RESE-0805-X-O561-67","0805","125mW Thick Film Resistors 150V ±100ppm/℃ ±1% -55℃~+155℃ 560Ω 0805  Chip Resistor - Surface Mount ROHS","YES","100","100\100","$0.003000","$0.30"
"C114537","RC0805FR-0751RL","YAGEO","RESE-0805-X-O510-67","0805","125mW Thick Film Resistors 150V ±100ppm/℃ ±1% -55℃~+155℃ 51Ω 0805  Chip Resistor - Surface Mount ROHS","YES","100","100\100","$0.002300","$0.23"
"C114541","RC0805FR-0747RL","YAGEO","RESE-0805-X-O470-67","0805","125mW Thick Film Resistors 150V ±100ppm/℃ ±1% -55℃~+155℃ 47Ω 0805  Chip Resistor - Surface Mount ROHS","YES","100","100\100","$0.002500","$0.25"
"C114543","RC0805FR-07390RL","YAGEO","RESE-0805-X-O391-67","0805","125mW Thick Film Resistors 150V ±100ppm/℃ ±1% -55℃~+155℃ 390Ω 0805  Chip Resistor - Surface Mount ROHS","YES","50","100\100","$0.005100","$0.26"
"C114544","RC0805FR-07820RL","YAGEO","RESE-0805-X-O821-67","0805","125mW Thick Film Resistors 150V ±100ppm/℃ ±1% -55℃~+155℃ 820Ω 0805  Chip Resistor - Surface Mount ROHS","YES","50","100\100","$0.004000","$0.20"
"C114561","RC0805FR-072K2L","YAGEO","RESE-0805-X-O222-67","0805","125mW Thick Film Resistors 150V ±100ppm/℃ ±1% -55℃~+155℃ 2.2kΩ 0805  Chip Resistor - Surface Mount ROHS","YES","100","100\100","$0.002800","$0.28"
"C114562","RC0805FR-07200KL","YAGEO","RESE-0805-X-O204-67","0805","125mW Thick Film Resistors 150V ±100ppm/℃ ±1% -55℃~+155℃ 200kΩ 0805  Chip Resistor - Surface Mount ROHS","YES","50","100\100","$0.005200","$0.26"
"C114563","RC0805FR-07510RL","YAGEO","RESE-0805-X-O511-67","0805","125mW Thick Film Resistors 150V ±100ppm/℃ ±1% -55℃~+155℃ 510Ω 0805  Chip Resistor - Surface Mount ROHS","YES","50","100\100","$0.003400","$0.17"
"C114564","RC0805FR-07470RL","YAGEO","RESE-0805-X-O471-67","0805","125mW Thick Film Resistors 150V ±100ppm/℃ ±1% -55℃~+155℃ 470Ω 0805  Chip Resistor - Surface Mount ROHS","YES","50","100\100","$0.005200","$0.26"
"C114565","RC0805FR-0722KL","YAGEO","RESE-0805-X-O223-67","0805","125mW Thick Film Resistors 150V ±100ppm/℃ ±1% -55℃~+155℃ 22kΩ 0805  Chip Resistor - Surface Mount ROHS","YES","100","100\100","$0.004600","$0.46"
"C114567","RC0805FR-07200RL","YAGEO","RESE-0805-X-O201-67","0805","125mW Thick Film Resistors 150V ±100ppm/℃ ±1% -55℃~+155℃ 200Ω 0805  Chip Resistor - Surface Mount ROHS","YES","100","100\100","$0.002400","$0.24"
"C114572","RC0805FR-072KL","YAGEO","RESE-0805-X-O202-67","0805","125mW Thick Film Resistors 150V ±100ppm/℃ ±1% -55℃~+155℃ 2kΩ 0805  Chip Resistor - Surface Mount ROHS","YES","100","100\100","$0.002600","$0.26"
"C114606","RC0603FR-0710ML","YAGEO","RESE-0603-X-O106-67","0603","100mW 75V ±100ppm/℃ ±1% -55℃~+155℃ 10MΩ 0603  Chip Resistor - Surface Mount ROHS","YES","100","100\100","$0.001700","$0.17"
"C114608","RC0603FR-07150RL","YAGEO","RESE-0603-X-O151-67","0603","100mW Thick Film Resistors 75V ±100ppm/℃ ±1% -55℃~+155℃ 150Ω 0603  Chip Resistor - Surface Mount ROHS","YES","100","100\100","$0.001500","$0.15"
"C114610","RC0603FR-0718KL","YAGEO","RESE-0603-X-O183-67","0603","100mW Thick Film Resistors 75V ±100ppm/℃ ±1% -55℃~+155℃ 18kΩ 0603  Chip Resistor - Surface Mount ROHS","YES","100","100\100","$0.001700","$0.17"
"C114611","RC0603FR-072K4L","YAGEO","RESE-0603-X-O242-67","0603","100mW Thick Film Resistors 75V ±100ppm/℃ ±1% -55℃~+155℃ 2.4kΩ 0603  Chip Resistor - Surface Mount ROHS","YES","100","100\100","$0.001400","$0.14"
"C114614","RC0603FR-0727KL","YAGEO","RESE-0603-X-O273-67","0603","100mW Thick Film Resistors 75V ±100ppm/℃ ±1% -55℃~+155℃ 27kΩ 0603  Chip Resistor - Surface Mount ROHS","YES","100","100\100","$0.004200","$0.42"
"C114616","RC0603FR-073K9L","YAGEO","RESE-0603-X-O392-67","0603","100mW Thick Film Resistors 75V ±100ppm/℃ ±1% -55℃~+155℃ 3.9kΩ 0603  Chip Resistor - Surface Mount ROHS","YES","100","100\100","$0.007300","$0.73"
"C114617","RC0603FR-07300RL","YAGEO","RESE-0603-X-O301-67","0603","100mW Thick Film Resistors 75V ±100ppm/℃ ±1% -55℃~+155℃ 300Ω 0603  Chip Resistor - Surface Mount ROHS","YES","100","100\100","$0.001400","$0.14"
"C114620","RC0603FR-07390RL","YAGEO","RESE-0603-X-O391-67","0603","100mW 75V ±100ppm/℃ ±1% -55℃~+155℃ 390Ω 0603  Chip Resistor - Surface Mount ROHS","YES","50","100\100","$0.004500","$0.23"
"C114624","RC0603FR-0749K9L","YAGEO","RESE-0603-X-O4992-67","0603","100mW Thick Film Resistors 75V ±100ppm/℃ ±1% -55℃~+155℃ 49.9kΩ 0603  Chip Resistor - Surface Mount ROHS","YES","100","100\100","$0.002700","$0.27"
"C114627","RC0603FR-075K6L","YAGEO","RESE-0603-X-O562-67","0603","100mW Thick Film Resistors 75V ±100ppm/℃ ±1% -55℃~+155℃ 5.6kΩ 0603  Chip Resistor - Surface Mount ROHS","YES","100","100\100","$0.001300","$0.13"
"C114628","RC0603FR-0751RL","YAGEO","RESE-0603-X-O510-67","0603","100mW Thick Film Resistors 75V ±100ppm/℃ ±1% -55℃~+155℃ 51Ω 0603  Chip Resistor - Surface Mount ROHS","YES","50","100\100","$0.006100","$0.31"
"C114630","RC0603FR-0756KL","YAGEO","RESE-0603-X-O563-67","0603","100mW Thick Film Resistors 75V ±100ppm/℃ ±1% -55℃~+155℃ 56kΩ 0603  Chip Resistor - Surface Mount ROHS","YES","100","100\100","$0.004800","$0.48"
"C114634","RC0603FR-077K5L","YAGEO","RESE-0603-X-O752-67","0603","100mW Thick Film Resistors 75V ±100ppm/℃ ±1% -55℃~+155℃ 7.5kΩ 0603  Chip Resistor - Surface Mount ROHS","YES","100","100\100","$0.004300","$0.43"
"C114636","RC0603FR-0775KL","YAGEO","RESE-0603-X-O753-67","0603","100mW Thick Film Resistors 75V ±100ppm/℃ ±1% -55℃~+155℃ 75kΩ 0603  Chip Resistor - Surface Mount ROHS","YES","100","100\100","$0.004800","$0.48"
"C114637","RC0603FR-078K2L","YAGEO","RESE-0603-X-O822-67","0603","100mW Thick Film Resistors 75V ±100ppm/℃ ±1% -55℃~+155℃ 8.2kΩ 0603  Chip Resistor - Surface Mount ROHS","YES","50","100\100","$0.003500","$0.18"
"C114638","RC0603FR-07820RL","YAGEO","RESE-0603-X-O821-67","0603","100mW 75V ±100ppm/℃ ±1% -55℃~+155℃ 820Ω 0603  Chip Resistor - Surface Mount ROHS","YES","100","100\100","$0.001500","$0.15"
"C114664","RC0603FR-07200RL","YAGEO","RESE-0603-X-O201-67","0603","100mW 75V ±100ppm/℃ ±1% -55℃~+155℃ 200Ω 0603  Chip Resistor - Surface Mount ROHS","YES","100","100\100","$0.002000","$0.20"
"C114670","RC0603FR-07510RL","YAGEO","RESE-0603-X-O511-67","0603","100mW Thick Film Resistors 75V ±100ppm/℃ ±1% -55℃~+155℃ 510Ω 0603  Chip Resistor - Surface Mount ROHS","YES","100","100\100","$0.001400","$0.14"
"C114679","RC0603JR-071K2L","YAGEO","RESE-0603-X-O122-01","0603","100mW Thick Film Resistors 75V ±100ppm/℃ ±5% -55℃~+155℃ 1.2kΩ 0603  Chip Resistor - Surface Mount ROHS","YES","100","100\100","$0.003300","$0.33"
"C114681","RC0603JR-07120RL","YAGEO","RESE-0603-X-O121-01","0603","100mW Thick Film Resistors 75V ±100ppm/℃ ±5% -55℃~+155℃ 120Ω 0603  Chip Resistor - Surface Mount ROHS","YES","50","100\100","$0.003300","$0.17"
"C114684","RC0603JR-0747RL","YAGEO","RESE-0603-X-O470-01","0603","100mW 75V ±100ppm/℃ ±5% -55℃~+155℃ 47Ω 0603  Chip Resistor - Surface Mount ROHS","YES","100","100\100","$0.003000","$0.30"
"C114734","RC0805JR-071K2L","YAGEO","RESE-0805-X-O122-01","0805","125mW Thick Film Resistors 150V ±100ppm/℃ ±5% -55℃~+155℃ 1.2kΩ 0805  Chip Resistor - Surface Mount ROHS","YES","50","100\100","$0.003700","$0.19"
"C114737","RC0805JR-071K5L","YAGEO","RESE-0805-X-O152-01","0805","125mW 150V ±100ppm/℃ ±5% -55℃~+155℃ 1.5kΩ 0805  Chip Resistor - Surface Mount ROHS","YES","100","100\100","$0.004500","$0.45"
"C114744","RC0805JR-07510RL","YAGEO","RESE-0805-X-O511-01","0805","125mW Thick Film Resistors 150V ±100ppm/℃ ±5% -55℃~+155℃ 510Ω 0805  Chip Resistor - Surface Mount ROHS","YES","100","100\100","$0.002500","$0.25"
"C114748","RC0805JR-072KL","YAGEO","RESE-0805-X-O202-01","0805","125mW Thick Film Resistors 150V ±100ppm/℃ ±5% -55℃~+155℃ 2kΩ 0805  Chip Resistor - Surface Mount ROHS","YES","100","100\100","$0.002000","$0.20"
"C115415","RC0603JR-07680RL","YAGEO","RESE-0603-X-O681-01","0603","100mW Thick Film Resistors 75V ±100ppm/℃ ±5% -55℃~+155℃ 680Ω 0603  Chip Resistor - Surface Mount ROHS","YES","100","100\100","$0.001100","$0.11"
"C115417","RC0603JR-07150KL","YAGEO","RESE-0603-X-O154-01","0603","100mW 75V ±100ppm/℃ ±5% -55℃~+155℃ 150kΩ 0603  Chip Resistor - Surface Mount ROHS","YES","50","100\100","$0.004300","$0.22"
"C115418","RC0603JR-07470KL","YAGEO","RESE-0603-X-O474-01","0603","100mW Thick Film Resistors 75V ±100ppm/℃ ±5% -55℃~+155℃ 470kΩ 0603  Chip Resistor - Surface Mount ROHS","YES","100","100\100","$0.002400","$0.24"
"C126350","RC0805FR-073KL","YAGEO","RESE-0805-X-O302-67","0805","125mW 150V ±100ppm/℃ ±1% -55℃~+155℃ 3kΩ 0805  Chip Resistor - Surface Mount ROHS","YES","100","100\100","$0.005600","$0.56"
"C126352","RC0805FR-0730KL","YAGEO","RESE-0805-X-O303-67","0805","125mW Thick Film Resistors 150V ±100ppm/℃ ±1% -55℃~+155℃ 30kΩ 0805  Chip Resistor - Surface Mount ROHS","YES","100","100\100","$0.002400","$0.24"
"C126353","RC0805FR-0733RL","YAGEO","RESE-0805-X-O330-67","0805","125mW Thick Film Resistors 150V ±100ppm/℃ ±1% -55℃~+155℃ 33Ω 0805  Chip Resistor - Surface Mount ROHS","YES","100","100\100","$0.002200","$0.22"
"C126360","RC0603FR-0756RL","YAGEO","RESE-0603-X-O560-67","0603","100mW Thick Film Resistors 75V ±100ppm/℃ ±1% -55℃~+155℃ 56Ω 0603  Chip Resistor - Surface Mount ROHS","YES","50","100\100","$0.004400","$0.22"
"C126362","RC0603FR-0768RL","YAGEO","RESE-0603-X-O680-67","0603","100mW Thick Film Resistors 75V ±100ppm/℃ ±1% -55℃~+125℃ 68Ω 0603  Chip Resistor - Surface Mount ROHS","YES","50","100\100","$0.004000","$0.20"
"C127448","RC0603JR-0756RL","YAGEO","RESE-0603-X-O560-01","0603","100mW Thick Film Resistors 75V ±100ppm/℃ ±5% -55℃~+155℃ 56Ω 0603  Chip Resistor - Surface Mount ROHS","YES","100","50\50","$0.003200","$0.32"
"C127450","RC0603JR-072K4L","YAGEO","RESE-0603-X-O242-01","0603","100mW Thick Film Resistors 75V ±100ppm/℃ ±5% -55℃~+155℃ 2.4kΩ 0603  Chip Resistor - Surface Mount ROHS","YES","100","100\100","$0.002900","$0.29"
"C127451","RC0603JR-072K7L","YAGEO","RESE-0603-X-O272-01","0603","100mW Thick Film Resistors 75V ±100ppm/℃ ±5% -55℃~+155℃ 2.7kΩ 0603  Chip Resistor - Surface Mount ROHS","YES","100","100\100","$0.004300","$0.43"
"C127988","RC0805JR-0733RL","YAGEO","RESE-0805-X-O330-01","0805","125mW Thick Film Resistors 150V ±100ppm/℃ ±5% -55℃~+155℃ 33Ω 0805  Chip Resistor - Surface Mount ROHS","YES","50","100\100","$0.004100","$0.21"
"C128059","RC0603FR-0715RL","YAGEO","RESE-0603-X-O150-67","0603","100mW Thick Film Resistors 75V ±100ppm/℃ ±1% -55℃~+155℃ 15Ω 0603  Chip Resistor - Surface Mount ROHS","YES","100","100\100","$0.001900","$0.19"
"C128855","CC1206KKX5R8BB106","YAGEO","","1206","25V 10uF X5R ±10% 1206  Multilayer Ceramic Capacitors MLCC - SMD/SMT ROHS","YES","1","10\10","$0.154300","$0.16"
"C131049","RC0603JR-074M7L","YAGEO","RESE-0603-X-O475-01","0603","100mW Thick Film Resistors 75V ±100ppm/℃ ±5% -55℃~+155℃ 4.7MΩ 0603  Chip Resistor - Surface Mount ROHS","YES","100","100\100","$0.001600","$0.16"
"C137409","RC0805JR-076K8L","YAGEO","RESE-0805-X-O682-01","0805","125mW Thick Film Resistors 150V ±100ppm/℃ ±5% -55℃~+155℃ 6.8kΩ 0805  Chip Resistor - Surface Mount ROHS","YES","100","100\100","$0.003500","$0.35"
"C137422","RC0805JR-07510KL","YAGEO","RESE-0805-X-O514-01","0805","125mW Thick Film Resistors 150V ±100ppm/℃ ±5% -55℃~+155℃ 510kΩ 0805  Chip Resistor - Surface Mount ROHS","YES","100","100\100","$0.002600","$0.26"
"C137437","RC0805JR-073KL","YAGEO","RESE-0805-X-O302-01","0805","125mW Thick Film Resistors 150V ±100ppm/℃ ±5% -55℃~+155℃ 3kΩ 0805  Chip Resistor - Surface Mount ROHS","YES","50","100\100","$0.004300","$0.22"
"C137459","RC0805JR-0720RL","YAGEO","RESE-0805-X-O200-01","0805","125mW 150V ±100ppm/℃ ±5% -55℃~+155℃ 20Ω 0805  Chip Resistor - Surface Mount ROHS","YES","100","100\100","$0.003500","$0.35"
"C137509","RC0805FR-0756KL","YAGEO","RESE-0805-X-O563-67","0805","125mW Thick Film Resistors 150V ±100ppm/℃ ±1% -55℃~+155℃ 56kΩ 0805  Chip Resistor - Surface Mount ROHS","YES","100","100\100","$0.002500","$0.25"
"C137605","RC0603JR-078K2L","YAGEO","RESE-0603-X-O822-01","0603","100mW Thick Film Resistors 75V ±100ppm/℃ ±5% -55℃~+155℃ 8.2kΩ 0603  Chip Resistor - Surface Mount ROHS","YES","100","100\100","$0.003800","$0.38"
"C137610","RC0603JR-077K5L","YAGEO","RESE-0603-X-O752-01","0603","100mW Thick Film Resistors 75V ±100ppm/℃ ±5% -55℃~+155℃ 7.5kΩ 0603  Chip Resistor - Surface Mount ROHS","YES","100","100\100","$0.001100","$0.11"
"C137615","RC0603JR-0762RL","YAGEO","RESE-0603-X-O620-01","0603","100mW Thick Film Resistors 75V ±100ppm/℃ ±5% -55℃~+155℃ 62Ω 0603  Chip Resistor - Surface Mount ROHS","YES","50","100\100","$0.003300","$0.17"
"C137618","RC0603JR-0756KL","YAGEO","RESE-0603-X-O563-01","0603","100mW 75V ±100ppm/℃ ±5% -55℃~+155℃ 56kΩ 0603  Chip Resistor - Surface Mount ROHS","YES","100","100\100","$0.003000","$0.30"
"C137622","RC0603JR-074K3L","YAGEO","RESE-0603-X-O433-01","0603","100mW Thick Film Resistors 75V ±100ppm/℃ ±5% -55℃~+155℃ 4.3kΩ 0603  Chip Resistor - Surface Mount ROHS","YES","100","100\100","$0.001100","$0.11"
"C137626","RC0603JR-073R6L","YAGEO","RESE-0603-X-O362-01","0603","100mW Thick Film Resistors 75V ±5% ±200ppm/℃ -55℃~+155℃ 3.6Ω 0603  Chip Resistor - Surface Mount ROHS","YES","50","1\50","$0.006700","$0.34"
"C137628","RC0603JR-073KL","YAGEO","RESE-0603-X-O302-01","0603","100mW Thick Film Resistors 75V ±100ppm/℃ ±5% -55℃~+155℃ 3kΩ 0603  Chip Resistor - Surface Mount ROHS","YES","100","100\100","$0.003800","$0.38"
"C137631","RC0603JR-0739KL","YAGEO","RESE-0603-X-O393-01","0603","100mW Thick Film Resistors 75V ±100ppm/℃ ±5% -55℃~+155℃ 39kΩ 0603  Chip Resistor - Surface Mount ROHS","YES","100","100\100","$0.003000","$0.30"
"C137637","RC0603JR-07300RL","YAGEO","RESE-0603-X-O301-01","0603","100mW 75V ±100ppm/℃ ±5% -55℃~+155℃ 300Ω 0603  Chip Resistor - Surface Mount ROHS","YES","100","100\100","$0.001100","$0.11"
"C137640","RC0603JR-0727KL","YAGEO","RESE-0603-X-O273-01","0603","100mW 75V ±100ppm/℃ ±5% -55℃~+155℃ 27kΩ 0603  Chip Resistor - Surface Mount ROHS","YES","100","100\100","$0.002500","$0.25"
"C137641","RC0603JR-07270RL","YAGEO","RESE-0603-X-O271-01","0603","100mW Thick Film Resistors 75V ±100ppm/℃ ±5% -55℃~+155℃ 270Ω 0603  Chip Resistor - Surface Mount ROHS","YES","100","100\100","$0.003800","$0.38"
"C137644","RC0603JR-0724KL","YAGEO","RESE-0603-X-O243-01","0603","100mW Thick Film Resistors 75V ±100ppm/℃ ±5% -55℃~+155℃ 24kΩ 0603  Chip Resistor - Surface Mount ROHS","YES","100","100\100","$0.003000","$0.30"
"C137647","RC0603JR-07220KL","YAGEO","RESE-0603-X-O224-01","0603","100mW Thick Film Resistors 75V ±100ppm/℃ ±5% -55℃~+155℃ 220kΩ 0603  Chip Resistor - Surface Mount ROHS","YES","100","100\100","$0.002400","$0.24"
"C137648","RC0603JR-0720RL","YAGEO","RESE-0603-X-O200-01","0603","100mW Thick Film Resistors 75V ±100ppm/℃ ±5% -55℃~+155℃ 20Ω 0603  Chip Resistor - Surface Mount ROHS","YES","100","100\100","$0.001200","$0.12"
"C137694","RC0603FR-0762KL","YAGEO","RESE-0603-X-O623-67","0603","100mW Thick Film Resistors 75V ±100ppm/℃ ±1% -55℃~+155℃ 62kΩ 0603  Chip Resistor - Surface Mount ROHS","YES","100","100\100","$0.001400","$0.14"
"C137712","RC0603FR-074K3L","YAGEO","RESE-0603-X-O432-67","0603","100mW Thick Film Resistors 75V ±100ppm/℃ ±1% -55℃~+155℃ 4.3kΩ 0603  Chip Resistor - Surface Mount ROHS","YES","100","100\100","$0.001600","$0.16"
"C137714","RC0603FR-07499RL","YAGEO","RESE-0603-X-O4990-67","0603","100mW Thick Film Resistors 75V ±100ppm/℃ ±1% -55℃~+155℃ 499Ω 0603  Chip Resistor - Surface Mount ROHS","YES","100","100\100","$0.002000","$0.20"
"C137723","RC0603FR-0740K2L","YAGEO","RESE-0603-X-O4022-67","0603","100mW Thick Film Resistors 75V ±100ppm/℃ ±1% -55℃~+155℃ 40.2kΩ 0603  Chip Resistor - Surface Mount ROHS","YES","100","100\100","$0.004800","$0.48"
"C137753","RC0603FR-0727RL","YAGEO","RESE-0603-X-O270-67","0603","100mW Thick Film Resistors 75V ±100ppm/℃ ±1% -55℃~+155℃ 27Ω 0603  Chip Resistor - Surface Mount ROHS","YES","100","100\100","$0.003200","$0.32"
"C137754","RC0603FR-07270RL","YAGEO","RESE-0603-X-O271-67","0603","100mW Thick Film Resistors 75V ±100ppm/℃ ±1% -55℃~+155℃ 270Ω 0603  Chip Resistor - Surface Mount ROHS","YES","100","100\100","$0.002700","$0.27"
"C137762","RC0603FR-07249RL","YAGEO","RESE-0603-X-O2490-67","0603","100mW Thick Film Resistors 75V ±100ppm/℃ ±1% -55℃~+155℃ 249Ω 0603  Chip Resistor - Surface Mount ROHS","YES","100","100\100","$0.002600","$0.26"
"C137796","RC0603FR-0713KL","YAGEO","RESE-0603-X-O133-67","0603","100mW Thick Film Resistors 75V ±100ppm/℃ ±1% -55℃~+155℃ 13kΩ 0603  Chip Resistor - Surface Mount ROHS","YES","100","100\100","$0.004800","$0.48"
"C137801","RC0603FR-0711KL","YAGEO","RESE-0603-X-O113-67","0603","100mW Thick Film Resistors 75V ±100ppm/℃ ±1% -55℃~+155℃ 11kΩ 0603  Chip Resistor - Surface Mount ROHS","YES","100","100\100","$0.002200","$0.22"
"C141697","RC0805FR-0775RL","YAGEO","RESE-0805-X-O750-67","0805","125mW Thick Film Resistors 150V ±100ppm/℃ ±1% -55℃~+155℃ 75Ω 0805  Chip Resistor - Surface Mount ROHS","YES","50","100\100","$0.004400","$0.22"
"C163408","RC0805FR-0727RL","YAGEO","RESE-0805-X-O271-67","0805","125mW Thick Film Resistors 150V ±100ppm/℃ ±1% -55℃~+155℃ 27Ω 0805  Chip Resistor - Surface Mount ROHS","YES","50","100\100","$0.005600","$0.28"
"C163424","RC0603FR-0739KL","YAGEO","RESE-0603-X-O393-67","0603","100mW Thick Film Resistors 75V ±100ppm/℃ ±1% -55℃~+155℃ 39kΩ 0603  Chip Resistor - Surface Mount ROHS","YES","50","100\100","$0.004500","$0.23"
"C185300","RC0603JR-07360RL","YAGEO","RESE-0603-X-O361-01","0603","100mW Thick Film Resistors 75V ±100ppm/℃ ±5% -55℃~+155℃ 360Ω 0603  Chip Resistor - Surface Mount ROHS","YES","100","100\100","$0.001500","$0.15"
"C327207","RC1206JR-0713RL-S","YAGEO","RESE-1206-X-O130-01","1206","250mW 200V ±100ppm/℃ ±5% -55℃~+155℃ 13Ω 1206  Chip Resistor - Surface Mount ROHS","YES","100","1\100","$0.002600","$0.26"
